Melisa,Cartwright,olaf@dach.org,110.240.0425,2015-10-30 20:00:58 -0600
Reyes,Prohaska,toni.jacobson@kihn.io,(610) 234-1544 x865,2015-10-30 20:00:58 -0600
Kaylah,Harris,delores@sanford.name,(775) 620-5582,2015-10-30 20:00:58 -0600
Daphnee,Kovacek,jaiden_hermann@ledner.com,1-659-574-9828,2015-10-30 20:00:58 -0600
Luis,Harvey,edison@dare.name,665.475.8777 x72865,2015-10-30 20:00:58 -0600
Elton,Padberg,emmalee.ledner@douglas.net,548-819-2953 x2520,2015-10-30 20:00:58 -0600
Andy,Dietrich,brown@flatley.name,1-491-470-1556 x1699,2015-10-30 20:00:58 -0600
Kamryn,Stamm,beulah@oharablanda.co,514.668.5134 x01859,2015-10-30 20:00:58 -0600
Rhea,Beatty,keith@nicolasreynolds.biz,270-768-3737 x0962,2015-10-30 20:00:58 -0600
Destiny,Nitzsche,jo.robel@quigley.co,(412) 789-6442,2015-10-30 20:00:58 -0600
